Store,ForecastDate,PredictedSales
1,2015-07-31,3796.416
2,2015-07-31,2867.7673
3,2015-07-31,4251.7236
4,2015-07-31,9063.393
5,2015-07-31,2034.5667
6,2015-07-31,2660.9119
7,2015-07-31,5971.2344
8,2015-07-31,3220.6335
9,2015-07-31,5932.647
10,2015-07-31,4510.295
11,2015-07-31,5169.442
12,2015-07-31,5285.6484
13,2015-07-31,4035.818
14,2015-07-31,3426.7676
15,2015-07-31,5480.2305
16,2015-07-31,4869.5366
17,2015-07-31,2345.4993
18,2015-07-31,4325.401
19,2015-07-31,4368.0776
20,2015-07-31,5316.745
21,2015-07-31,4543.348
22,2015-07-31,2986.5598
23,2015-07-31,3580.5151
24,2015-07-31,7357.3384
25,2015-07-31,8317.426
26,2015-07-31,5156.112
27,2015-07-31,6388.9673
28,2015-07-31,1989.8904
29,2015-07-31,6837.773
30,2015-07-31,3234.3735
31,2015-07-31,4857.9785
32,2015-07-31,2339.0667
33,2015-07-31,7499.5405
34,2015-07-31,7138.1104
35,2015-07-31,7688.501
36,2015-07-31,9569.338
37,2015-07-31,5904.9595
38,2015-07-31,5801.444
39,2015-07-31,2630.41
40,2015-07-31,4219.4043
41,2015-07-31,5532.2554
42,2015-07-31,6944.5312
43,2015-07-31,3766.133
44,2015-07-31,3063.8958
45,2015-07-31,5097.588
46,2015-07-31,4278.4053
47,2015-07-31,4697.312
48,2015-07-31,2435.74
49,2015-07-31,6949.0874
50,2015-07-31,3852.688
51,2015-07-31,7484.047
52,2015-07-31,5545.569
53,2015-07-31,3219.5896
54,2015-07-31,7464.8423
55,2015-07-31,2847.408
56,2015-07-31,8677.771
57,2015-07-31,4742.2314
58,2015-07-31,5271.92
59,2015-07-31,2385.8435
60,2015-07-31,4501.8965
61,2015-07-31,3880.7012
62,2015-07-31,3729.5469
63,2015-07-31,7117.9326
64,2015-07-31,10407.106
65,2015-07-31,2793.2698
66,2015-07-31,6139.4995
67,2015-07-31,4765.7085
68,2015-07-31,7921.766
69,2015-07-31,6829.5244
70,2015-07-31,5152.509
71,2015-07-31,6463.313
72,2015-07-31,2180.5808
73,2015-07-31,2702.0042
74,2015-07-31,4187.4224
75,2015-07-31,5716.6455
76,2015-07-31,8032.3213
77,2015-07-31,6694.0166
78,2015-07-31,2139.507
79,2015-07-31,3639.3308
80,2015-07-31,7855.2847
81,2015-07-31,7874.185
82,2015-07-31,5243.9785
83,2015-07-31,3065.5996
84,2015-07-31,10753.862
85,2015-07-31,5300.894
86,2015-07-31,3467.4612
87,2015-07-31,3815.2397
88,2015-07-31,2121.7424
89,2015-07-31,4182.421
90,2015-07-31,6849.4985
91,2015-07-31,3328.1511
92,2015-07-31,5303.613
93,2015-07-31,2961.9404
94,2015-07-31,5514.207
95,2015-07-31,3435.6624
96,2015-07-31,1831.0295
97,2015-07-31,3853.4744
98,2015-07-31,5336.075
99,2015-07-31,5190.1724
100,2015-07-31,7532.4463
101,2015-07-31,6281.7935
102,2015-07-31,5320.8525
103,2015-07-31,3772.7463
104,2015-07-31,10650.082
105,2015-07-31,3160.373
106,2015-07-31,5849.204
107,2015-07-31,7418.6597
108,2015-07-31,11340.823
109,2015-07-31,4737.3228
110,2015-07-31,3032.278
111,2015-07-31,5878.311
112,2015-07-31,5292.5107
113,2015-07-31,5793.862
114,2015-07-31,4006.4246
115,2015-07-31,9305.26
116,2015-07-31,5283.5986
117,2015-07-31,2481.573
118,2015-07-31,6863.6943
119,2015-07-31,4233.617
120,2015-07-31,5327.6904
121,2015-07-31,2152.5925
122,2015-07-31,6903.4097
123,2015-07-31,3016.8188
124,2015-07-31,2820.6423
125,2015-07-31,6706.3193
126,2015-07-31,4570.7954
127,2015-07-31,4790.9297
128,2015-07-31,7033.983
129,2015-07-31,6425.489
130,2015-07-31,4171.067
131,2015-07-31,4734.4062
132,2015-07-31,6954.186
133,2015-07-31,2975.0728
134,2015-07-31,3011.509
135,2015-07-31,5690.281
136,2015-07-31,4123.982
137,2015-07-31,6187.478
138,2015-07-31,3006.0693
139,2015-07-31,3729.4697
140,2015-07-31,5568.5874
141,2015-07-31,3896.5334
142,2015-07-31,3025.5054
143,2015-07-31,4560.9478
144,2015-07-31,5377.098
145,2015-07-31,5679.4077
146,2015-07-31,7574.6606
147,2015-07-31,7524.339
148,2015-07-31,6763.179
149,2015-07-31,3284.6978
150,2015-07-31,6813.0356
151,2015-07-31,5011.261
152,2015-07-31,3061.8645
153,2015-07-31,3351.455
154,2015-07-31,7089.091
155,2015-07-31,5806.598
156,2015-07-31,2445.2322
157,2015-07-31,6754.892
158,2015-07-31,9045.935
159,2015-07-31,5846.773
160,2015-07-31,4255.8823
161,2015-07-31,6628.8867
162,2015-07-31,6604.514
163,2015-07-31,5004.0464
164,2015-07-31,3991.6685
165,2015-07-31,2749.4656
166,2015-07-31,4759.388
167,2015-07-31,4226.381
168,2015-07-31,4453.699
169,2015-07-31,5103.4653
170,2015-07-31,3235.153
171,2015-07-31,5138.9214
172,2015-07-31,6406.2256
173,2015-07-31,5194.592
174,2015-07-31,6238.454
175,2015-07-31,5672.5396
176,2015-07-31,2953.1938
177,2015-07-31,1760.364
178,2015-07-31,5854.551
179,2015-07-31,5468.1313
180,2015-07-31,6304.553
181,2015-07-31,2965.502
182,2015-07-31,5233.5317
183,2015-07-31,3503.482
184,2015-07-31,5389.5654
185,2015-07-31,4718.1514
186,2015-07-31,3388.9863
187,2015-07-31,4193.699
188,2015-07-31,4238.8574
189,2015-07-31,6424.2437
190,2015-07-31,5889.3496
191,2015-07-31,6954.807
192,2015-07-31,14024.516
193,2015-07-31,3580.5266
194,2015-07-31,4456.908
195,2015-07-31,9406.768
196,2015-07-31,3327.464
197,2015-07-31,5093.2896
198,2015-07-31,1233.6921
199,2015-07-31,7268.6646
200,2015-07-31,6337.617
201,2015-07-31,4902.395
202,2015-07-31,5858.6245
203,2015-07-31,4987.5225
204,2015-07-31,4285.2163
205,2015-07-31,4466.7515
206,2015-07-31,4244.7656
207,2015-07-31,7369.3403
208,2015-07-31,2974.4424
209,2015-07-31,4761.992
210,2015-07-31,2610.0872
211,2015-07-31,8021.9297
212,2015-07-31,3074.1863
213,2015-07-31,7144.2026
214,2015-07-31,9409.569
215,2015-07-31,5575.5396
216,2015-07-31,5857.6816
217,2015-07-31,4111.904
218,2015-07-31,2149.615
219,2015-07-31,2125.8
220,2015-07-31,3376.6533
221,2015-07-31,5263.745
222,2015-07-31,2748.6746
223,2015-07-31,4753.988
224,2015-07-31,6360.808
225,2015-07-31,3396.8013
226,2015-07-31,4912.534
227,2015-07-31,4313.566
228,2015-07-31,7734.2656
229,2015-07-31,7411.951
230,2015-07-31,6462.8394
231,2015-07-31,4273.9683
232,2015-07-31,2896.2842
233,2015-07-31,7793.189
234,2015-07-31,9002.322
235,2015-07-31,3169.4287
236,2015-07-31,4192.893
237,2015-07-31,3404.728
238,2015-07-31,4970.9497
239,2015-07-31,4943.513
240,2015-07-31,3591.0361
241,2015-07-31,6016.9326
242,2015-07-31,3095.683
243,2015-07-31,4062.1252
244,2015-07-31,4109.694
245,2015-07-31,8587.968
246,2015-07-31,5136.8037
247,2015-07-31,6476.639
248,2015-07-31,5999.654
249,2015-07-31,4394.242
250,2015-07-31,7231.207
251,2015-07-31,16338.16
252,2015-07-31,8120.071
253,2015-07-31,3244.5583
254,2015-07-31,3118.395
255,2015-07-31,6099.937
256,2015-07-31,6804.7207
257,2015-07-31,2599.1482
258,2015-07-31,4181.771
259,2015-07-31,9707.804
260,2015-07-31,5374.483
261,2015-07-31,5407.59
262,2015-07-31,19711.096
263,2015-07-31,4491.115
264,2015-07-31,4182.5874
265,2015-07-31,2438.4485
266,2015-07-31,2487.3547
267,2015-07-31,9213.152
268,2015-07-31,3202.645
269,2015-07-31,5631.1274
270,2015-07-31,8484.002
271,2015-07-31,1959.697
272,2015-07-31,3135.078
273,2015-07-31,5513.6084
274,2015-07-31,3878.4207
275,2015-07-31,6036.0957
276,2015-07-31,1975.9138
277,2015-07-31,4427.0645
278,2015-07-31,4670.9556
279,2015-07-31,8512.233
280,2015-07-31,5458.439
281,2015-07-31,5320.57
282,2015-07-31,2767.534
283,2015-07-31,7397.071
284,2015-07-31,5148.6494
285,2015-07-31,5815.4526
286,2015-07-31,1583.9617
287,2015-07-31,8334.423
288,2015-07-31,4555.206
289,2015-07-31,5765.869
290,2015-07-31,4245.201
291,2015-07-31,4721.0176
293,2015-07-31,3923.7266
294,2015-07-31,3277.8545
295,2015-07-31,5128.219
296,2015-07-31,3920.247
297,2015-07-31,4576.345
298,2015-07-31,7707.5903
299,2015-07-31,7615.0415
300,2015-07-31,7030.7744
301,2015-07-31,3754.0884
302,2015-07-31,3864.1953
303,2015-07-31,4213.5537
304,2015-07-31,4241.265
305,2015-07-31,6187.082
306,2015-07-31,2869.3987
307,2015-07-31,1383.9167
308,2015-07-31,6493.336
309,2015-07-31,5190.9194
310,2015-07-31,6375.1094
311,2015-07-31,5022.9404
312,2015-07-31,4015.9111
313,2015-07-31,4002.0466
314,2015-07-31,3160.0974
315,2015-07-31,2672.8826
316,2015-07-31,8377.175
317,2015-07-31,5877.923
318,2015-07-31,4593.3223
319,2015-07-31,5101.75
320,2015-07-31,11019.951
321,2015-07-31,5368.5586
322,2015-07-31,1958.8513
323,2015-07-31,6637.2334
324,2015-07-31,1698.0344
325,2015-07-31,3752.1777
326,2015-07-31,5557.8164
327,2015-07-31,5038.8867
328,2015-07-31,2708.7195
329,2015-07-31,4202.627
330,2015-07-31,3674.3362
331,2015-07-31,3490.2925
332,2015-07-31,1752.7957
333,2015-07-31,7146.1353
334,2015-07-31,4393.9375
335,2015-07-31,7315.7427
336,2015-07-31,9499.836
337,2015-07-31,5582.271
338,2015-07-31,5090.3184
339,2015-07-31,3670.3733
340,2015-07-31,4646.071
341,2015-07-31,4656.7837
342,2015-07-31,10013.861
343,2015-07-31,5983.2646
344,2015-07-31,6166.6226
345,2015-07-31,2951.4001
346,2015-07-31,5479.2007
347,2015-07-31,5027.873
348,2015-07-31,8363.703
349,2015-07-31,7888.523
350,2015-07-31,6675.343
351,2015-07-31,5179.324
352,2015-07-31,6217.4854
353,2015-07-31,4537.359
354,2015-07-31,8223.59
355,2015-07-31,6012.136
356,2015-07-31,6054.75
357,2015-07-31,5285.7
358,2015-07-31,8416.722
359,2015-07-31,6495.9604
360,2015-07-31,4000.331
361,2015-07-31,4974.9663
362,2015-07-31,7427.5747
363,2015-07-31,5166.162
364,2015-07-31,3377.4072
365,2015-07-31,5222.4307
366,2015-07-31,2901.681
367,2015-07-31,4244.9473
368,2015-07-31,6929.099
369,2015-07-31,6205.603
370,2015-07-31,7293.6724
371,2015-07-31,5346.6675
372,2015-07-31,7548.112
373,2015-07-31,4456.6133
374,2015-07-31,4005.5898
375,2015-07-31,3193.3687
376,2015-07-31,5001.8643
377,2015-07-31,5583.0063
378,2015-07-31,5671.64
379,2015-07-31,2944.8904
380,2015-07-31,12750.877
381,2015-07-31,4468.265
382,2015-07-31,5123.1646
383,2015-07-31,15860.892
384,2015-07-31,4478.491
385,2015-07-31,6567.066
386,2015-07-31,6204.8867
387,2015-07-31,6523.5356
388,2015-07-31,7758.1934
389,2015-07-31,6761.223
390,2015-07-31,8820.024
391,2015-07-31,2626.615
392,2015-07-31,4002.305
393,2015-07-31,5155.407
394,2015-07-31,7873.662
395,2015-07-31,2846.8308
396,2015-07-31,4119.7754
397,2015-07-31,4031.9312
398,2015-07-31,4401.032
399,2015-07-31,4704.878
400,2015-07-31,4292.028
401,2015-07-31,2990.7336
402,2015-07-31,4936.3145
403,2015-07-31,5157.0254
404,2015-07-31,2883.7031
405,2015-07-31,2958.7427
406,2015-07-31,6695.6626
407,2015-07-31,3964.82
408,2015-07-31,4583.2007
409,2015-07-31,4705.046
410,2015-07-31,5023.2954
411,2015-07-31,8370.576
412,2015-07-31,10577.169
413,2015-07-31,4075.6187
414,2015-07-31,6843.316
415,2015-07-31,4929.522
416,2015-07-31,9280.627
417,2015-07-31,4360.74
418,2015-07-31,2912.7764
419,2015-07-31,3370.783
420,2015-07-31,4899.606
421,2015-07-31,10483.131
422,2015-07-31,3744.0203
423,2015-07-31,9553.607
424,2015-07-31,7137.1274
425,2015-07-31,2364.932
426,2015-07-31,3688.7454
427,2015-07-31,5046.5547
428,2015-07-31,5763.624
429,2015-07-31,4870.4595
430,2015-07-31,8469.872
431,2015-07-31,9054.102
432,2015-07-31,6116.3755
433,2015-07-31,4397.6113
434,2015-07-31,10979.018
435,2015-07-31,2232.14
436,2015-07-31,3585.4614
437,2015-07-31,6854.559
438,2015-07-31,3400.4463
439,2015-07-31,4517.4424
440,2015-07-31,3458.2988
441,2015-07-31,6433.048
442,2015-07-31,4340.817
443,2015-07-31,3469.587
444,2015-07-31,12334.081
445,2015-07-31,9340.895
446,2015-07-31,2576.631
447,2015-07-31,4610.2773
448,2015-07-31,5521.9717
449,2015-07-31,6133.0757
450,2015-07-31,9728.366
451,2015-07-31,4499.297
452,2015-07-31,2534.265
453,2015-07-31,9044.72
454,2015-07-31,1956.3293
455,2015-07-31,9264.301
456,2015-07-31,4249.164
457,2015-07-31,4857.8574
458,2015-07-31,9086.785
459,2015-07-31,4992.156
460,2015-07-31,1698.4597
461,2015-07-31,4483.6455
462,2015-07-31,2141.1755
463,2015-07-31,3498.262
464,2015-07-31,11279.164
465,2015-07-31,6976.669
466,2015-07-31,4172.2285
467,2015-07-31,11703.076
468,2015-07-31,7038.4233
469,2015-07-31,10078.108
470,2015-07-31,10942.889
471,2015-07-31,6605.364
472,2015-07-31,3948.0054
473,2015-07-31,2287.7385
474,2015-07-31,3702.9958
475,2015-07-31,5695.082
476,2015-07-31,2468.717
477,2015-07-31,5488.478
478,2015-07-31,3921.326
479,2015-07-31,6034.7197
480,2015-07-31,2336.1116
481,2015-07-31,4492.211
482,2015-07-31,7081.767
483,2015-07-31,1758.075
484,2015-07-31,8401.82
485,2015-07-31,5203.46
486,2015-07-31,2871.073
487,2015-07-31,6318.0977
488,2015-07-31,3136.5127
489,2015-07-31,2365.946
490,2015-07-31,7981.955
491,2015-07-31,5945.4204
492,2015-07-31,6159.8213
493,2015-07-31,7752.877
494,2015-07-31,4836.163
495,2015-07-31,4639.596
496,2015-07-31,5683.6504
497,2015-07-31,6136.6396
498,2015-07-31,7168.1606
499,2015-07-31,4765.41
500,2015-07-31,6234.1704
501,2015-07-31,3277.47
502,2015-07-31,7700.5464
503,2015-07-31,5314.2026
504,2015-07-31,5713.2715
505,2015-07-31,3307.6177
506,2015-07-31,4388.157
507,2015-07-31,7647.498
508,2015-07-31,5623.9844
509,2015-07-31,3434.068
510,2015-07-31,4527.4385
511,2015-07-31,4925.896
512,2015-07-31,4609.1357
513,2015-07-31,14276.938
514,2015-07-31,3857.9294
515,2015-07-31,9829.867
516,2015-07-31,3969.4526
517,2015-07-31,3205.633
518,2015-07-31,5296.941
519,2015-07-31,4735.1304
520,2015-07-31,2820.3557
521,2015-07-31,4453.48
522,2015-07-31,7753.562
523,2015-07-31,14163.685
524,2015-07-31,6137.7905
525,2015-07-31,8735.515
526,2015-07-31,5001.7407
527,2015-07-31,9483.626
528,2015-07-31,7635.0986
529,2015-07-31,6532.068
530,2015-07-31,6171.7876
531,2015-07-31,3755.6174
532,2015-07-31,9857.912
533,2015-07-31,7330.6216
534,2015-07-31,6562.5674
535,2015-07-31,5106.182
536,2015-07-31,5290.0723
537,2015-07-31,4436.515
538,2015-07-31,2335.7097
539,2015-07-31,12101.078
540,2015-07-31,5566.543
541,2015-07-31,5155.471
542,2015-07-31,4310.9307
543,2015-07-31,1682.3142
544,2015-07-31,6970.8887
545,2015-07-31,7106.679
546,2015-07-31,11346.673
547,2015-07-31,5174.5435
548,2015-07-31,3463.128
549,2015-07-31,3283.334
550,2015-07-31,5084.302
551,2015-07-31,4529.586
552,2015-07-31,3435.4675
553,2015-07-31,9247.966
554,2015-07-31,3913.7664
555,2015-07-31,3972.316
556,2015-07-31,4327.7
557,2015-07-31,3339.7764
558,2015-07-31,2525.694
559,2015-07-31,2120.6223
560,2015-07-31,13393.865
561,2015-07-31,4623.9556
562,2015-07-31,13074.453
563,2015-07-31,3892.1855
564,2015-07-31,5588.804
565,2015-07-31,4783.793
566,2015-07-31,3543.3796
567,2015-07-31,3040.0728
568,2015-07-31,5370.542
569,2015-07-31,2957.824
570,2015-07-31,2682.4163
571,2015-07-31,9018.531
572,2015-07-31,5774.7705
573,2015-07-31,2505.407
574,2015-07-31,7840.889
575,2015-07-31,2049.693
576,2015-07-31,5095.4146
577,2015-07-31,3765.3906
578,2015-07-31,9059.984
579,2015-07-31,6705.686
580,2015-07-31,7823.0117
581,2015-07-31,2304.1125
582,2015-07-31,4213.232
583,2015-07-31,2453.0637
584,2015-07-31,4454.416
585,2015-07-31,3352.6558
586,2015-07-31,14370.352
587,2015-07-31,11208.784
588,2015-07-31,4810.092
589,2015-07-31,2657.6516
590,2015-07-31,5640.961
591,2015-07-31,4038.7432
592,2015-07-31,2501.5774
593,2015-07-31,6837.774
594,2015-07-31,2448.757
595,2015-07-31,12504.301
596,2015-07-31,3973.9026
597,2015-07-31,4122.603
598,2015-07-31,5279.1323
599,2015-07-31,10448.94
600,2015-07-31,6112.0586
601,2015-07-31,4500.3994
602,2015-07-31,4416.1367
603,2015-07-31,4999.112
604,2015-07-31,5408.869
605,2015-07-31,6095.294
606,2015-07-31,3569.0393
607,2015-07-31,1377.3855
608,2015-07-31,3323.2249
609,2015-07-31,2837.7527
610,2015-07-31,2905.09
611,2015-07-31,5179.218
612,2015-07-31,5511.177
613,2015-07-31,5101.909
614,2015-07-31,4435.8237
615,2015-07-31,7376.1123
616,2015-07-31,5538.4243
617,2015-07-31,3045.9802
618,2015-07-31,6818.369
619,2015-07-31,2104.611
620,2015-07-31,8976.051
621,2015-07-31,4842.8516
622,2015-07-31,3177.5498
623,2015-07-31,3847.024
624,2015-07-31,4007.6223
625,2015-07-31,4239.742
626,2015-07-31,5793.6665
627,2015-07-31,6409.186
628,2015-07-31,3514.554
629,2015-07-31,5399.3774
630,2015-07-31,2403.993
631,2015-07-31,4131.909
632,2015-07-31,7371.8047
633,2015-07-31,8196.15
634,2015-07-31,2833.7004
635,2015-07-31,1964.2922
636,2015-07-31,4154.4097
637,2015-07-31,7184.588
638,2015-07-31,5520.8037
639,2015-07-31,2501.8894
640,2015-07-31,10165.84
641,2015-07-31,3259.9138
642,2015-07-31,3158.828
643,2015-07-31,5249.3496
644,2015-07-31,9495.878
645,2015-07-31,8329.21
646,2015-07-31,3638.6533
647,2015-07-31,3808.0312
648,2015-07-31,5173.973
649,2015-07-31,1593.9128
650,2015-07-31,5893.1685
651,2015-07-31,6531.0938
652,2015-07-31,3875.944
653,2015-07-31,4401.1113
654,2015-07-31,2495.2566
655,2015-07-31,7364.5933
656,2015-07-31,2928.8381
657,2015-07-31,3963.6587
658,2015-07-31,3668.1267
659,2015-07-31,3163.3672
660,2015-07-31,2891.9583
661,2015-07-31,6667.738
662,2015-07-31,6309.4155
663,2015-07-31,5488.632
664,2015-07-31,3283.517
665,2015-07-31,4184.8076
666,2015-07-31,6848.297
667,2015-07-31,6683.4243
668,2015-07-31,6375.7563
669,2015-07-31,4466.3584
670,2015-07-31,4762.5
671,2015-07-31,5007.0845
672,2015-07-31,7214.2603
673,2015-07-31,6197.2554
674,2015-07-31,4803.313
675,2015-07-31,2202.5793
676,2015-07-31,6422.29
677,2015-07-31,5850.8794
678,2015-07-31,5242.4707
679,2015-07-31,6884.4785
680,2015-07-31,5085.534
681,2015-07-31,2531.7585
682,2015-07-31,7400.423
683,2015-07-31,4259.855
684,2015-07-31,8843.255
685,2015-07-31,2419.6492
686,2015-07-31,2320.431
687,2015-07-31,8622.142
688,2015-07-31,1704.1995
689,2015-07-31,4965.397
690,2015-07-31,4219.6865
691,2015-07-31,7871.16
692,2015-07-31,4064.5737
693,2015-07-31,3253.218
694,2015-07-31,8297.164
695,2015-07-31,2655.1565
696,2015-07-31,5879.432
697,2015-07-31,9249.602
698,2015-07-31,14150.094
699,2015-07-31,5802.3066
700,2015-07-31,2404.2185
701,2015-07-31,4497.457
702,2015-07-31,3019.1128
703,2015-07-31,2358.7913
704,2015-07-31,7853.0347
705,2015-07-31,4347.141
706,2015-07-31,5863.7983
707,2015-07-31,4979.499
708,2015-07-31,4565.9326
709,2015-07-31,5060.4443
710,2015-07-31,4267.9824
711,2015-07-31,4612.2656
712,2015-07-31,4003.598
713,2015-07-31,8029.317
714,2015-07-31,4717.901
715,2015-07-31,2126.3337
716,2015-07-31,5607.673
717,2015-07-31,3807.2932
718,2015-07-31,4970.256
719,2015-07-31,4829.5176
720,2015-07-31,5458.1562
721,2015-07-31,7569.7275
722,2015-07-31,6139.2803
723,2015-07-31,7485.1377
724,2015-07-31,5670.7656
725,2015-07-31,4672.8413
726,2015-07-31,5307.477
727,2015-07-31,2869.2734
728,2015-07-31,5475.4155
729,2015-07-31,8576.725
730,2015-07-31,6582.7925
731,2015-07-31,6145.4126
732,2015-07-31,6855.095
733,2015-07-31,12984.146
734,2015-07-31,2912.216
735,2015-07-31,2846.868
736,2015-07-31,4161.5903
737,2015-07-31,3898.9192
738,2015-07-31,8299.547
739,2015-07-31,9667.599
740,2015-07-31,7681.7993
741,2015-07-31,6881.0034
742,2015-07-31,7127.8633
743,2015-07-31,1984.241
744,2015-07-31,7464.6924
745,2015-07-31,2534.5525
746,2015-07-31,5939.6445
747,2015-07-31,5526.412
748,2015-07-31,5012.2725
749,2015-07-31,2308.9285
750,2015-07-31,4553.1147
751,2015-07-31,3191.8345
752,2015-07-31,3127.6208
753,2015-07-31,6184.1567
754,2015-07-31,3875.158
755,2015-07-31,7978.259
756,2015-07-31,16146.288
757,2015-07-31,4543.814
758,2015-07-31,3076.141
759,2015-07-31,4418.4243
760,2015-07-31,7392.172
761,2015-07-31,5287.2485
762,2015-07-31,3749.768
763,2015-07-31,5028.728
764,2015-07-31,2161.5159
765,2015-07-31,5658.289
766,2015-07-31,6010.8936
767,2015-07-31,3481.2495
768,2015-07-31,9719.897
769,2015-07-31,10748.7
770,2015-07-31,3010.0708
771,2015-07-31,5004.9956
772,2015-07-31,3275.2769
773,2015-07-31,3646.195
774,2015-07-31,3655.395
775,2015-07-31,8051.1846
776,2015-07-31,3777.0542
777,2015-07-31,3786.6057
778,2015-07-31,4079.1667
779,2015-07-31,2194.3206
780,2015-07-31,2288.0803
781,2015-07-31,2216.1238
782,2015-07-31,4261.947
783,2015-07-31,5416.314
784,2015-07-31,4369.413
785,2015-07-31,6937.596
786,2015-07-31,1314.5784
787,2015-07-31,6742.0537
788,2015-07-31,14932.533
789,2015-07-31,2929.3855
790,2015-07-31,7324.7666
791,2015-07-31,6543.3716
792,2015-07-31,4288.587
793,2015-07-31,3761.9856
794,2015-07-31,2503.3123
795,2015-07-31,3973.292
796,2015-07-31,4294.2827
797,2015-07-31,4520.8257
798,2015-07-31,2560.8953
799,2015-07-31,9022.016
800,2015-07-31,3823.852
801,2015-07-31,3560.1533
802,2015-07-31,5259.8613
803,2015-07-31,4505.217
804,2015-07-31,5034.9478
805,2015-07-31,4093.5676
806,2015-07-31,5116.1353
807,2015-07-31,10158.058
808,2015-07-31,3873.8972
809,2015-07-31,6890.7817
810,2015-07-31,5222.855
811,2015-07-31,3200.6323
812,2015-07-31,2985.357
813,2015-07-31,4313.0947
814,2015-07-31,4949.8037
815,2015-07-31,6235.383
816,2015-07-31,3475.63
817,2015-07-31,12727.328
818,2015-07-31,4473.85
819,2015-07-31,4336.127
820,2015-07-31,10460.849
821,2015-07-31,3850.062
822,2015-07-31,6104.771
823,2015-07-31,3916.5383
824,2015-07-31,5014.716
825,2015-07-31,4538.533
826,2015-07-31,6139.4536
827,2015-07-31,16929.314
828,2015-07-31,2696.3655
829,2015-07-31,4675.667
830,2015-07-31,2977.731
831,2015-07-31,9248.858
832,2015-07-31,6055.889
833,2015-07-31,4044.6643
834,2015-07-31,3346.0579
835,2015-07-31,3692.5312
836,2015-07-31,2363.5662
837,2015-07-31,2248.4211
838,2015-07-31,5703.9766
839,2015-07-31,2048.7898
840,2015-07-31,3299.5828
841,2015-07-31,1487.3748
842,2015-07-31,20287.598
843,2015-07-31,8493.823
844,2015-07-31,2243.2502
845,2015-07-31,4982.803
846,2015-07-31,5172.0327
847,2015-07-31,6062.997
848,2015-07-31,4520.9116
849,2015-07-31,7949.6655
850,2015-07-31,5224.292
851,2015-07-31,5011.776
852,2015-07-31,2551.5906
853,2015-07-31,7205.812
854,2015-07-31,5154.015
855,2015-07-31,3559.5813
856,2015-07-31,5403.9688
857,2015-07-31,9068.812
858,2015-07-31,4003.4102
859,2015-07-31,7552.248
860,2015-07-31,5545.472
861,2015-07-31,2977.2478
862,2015-07-31,5186.957
863,2015-07-31,6037.983
864,2015-07-31,2546.363
865,2015-07-31,8262.804
866,2015-07-31,5753.29
867,2015-07-31,4317.9463
868,2015-07-31,9490.35
869,2015-07-31,2815.6448
870,2015-07-31,4261.8975
871,2015-07-31,7585.0366
872,2015-07-31,5891.558
873,2015-07-31,2338.7605
874,2015-07-31,4119.946
875,2015-07-31,3288.0623
877,2015-07-31,4655.81
878,2015-07-31,5073.486
879,2015-07-31,3209.1875
880,2015-07-31,5603.9795
881,2015-07-31,2374.3909
882,2015-07-31,5437.804
883,2015-07-31,2898.5215
884,2015-07-31,4783.4175
885,2015-07-31,5077.543
886,2015-07-31,4358.07
887,2015-07-31,5007.463
888,2015-07-31,8651.781
889,2015-07-31,2490.5002
890,2015-07-31,4983.1978
891,2015-07-31,6324.9663
892,2015-07-31,2827.7654
893,2015-07-31,4776.539
894,2015-07-31,5805.5903
895,2015-07-31,8561.865
896,2015-07-31,6085.3135
897,2015-07-31,3418.139
898,2015-07-31,2207.7312
899,2015-07-31,1930.7751
900,2015-07-31,4918.3003
901,2015-07-31,4435.6255
902,2015-07-31,3591.9663
903,2015-07-31,11506.43
904,2015-07-31,5074.1567
905,2015-07-31,5025.7393
906,2015-07-31,8026.05
907,2015-07-31,5998.604
908,2015-07-31,2038.9177
909,2015-07-31,11007.349
910,2015-07-31,4232.2773
911,2015-07-31,7083.6133
912,2015-07-31,5590.287
913,2015-07-31,6341.475
914,2015-07-31,5677.308
915,2015-07-31,7658.9688
916,2015-07-31,4803.5054
917,2015-07-31,3920.265
918,2015-07-31,2651.409
919,2015-07-31,3128.2078
920,2015-07-31,5479.3906
921,2015-07-31,3795.8015
922,2015-07-31,7501.187
923,2015-07-31,4193.1387
924,2015-07-31,2897.4307
925,2015-07-31,7476.5786
926,2015-07-31,6368.0835
927,2015-07-31,3960.7637
928,2015-07-31,6477.7676
929,2015-07-31,3989.6636
930,2015-07-31,6482.7256
931,2015-07-31,3662.5933
932,2015-07-31,4334.759
933,2015-07-31,3500.6924
934,2015-07-31,4439.5225
935,2015-07-31,3340.2852
936,2015-07-31,5621.6904
937,2015-07-31,6955.97
938,2015-07-31,7433.3687
939,2015-07-31,5642.502
940,2015-07-31,4979.577
941,2015-07-31,3807.768
942,2015-07-31,5362.706
943,2015-07-31,6611.901
944,2015-07-31,6327.802
945,2015-07-31,2732.2517
946,2015-07-31,2820.0657
947,2015-07-31,7754.0435
948,2015-07-31,5799.705
949,2015-07-31,2695.2644
950,2015-07-31,3442.178
951,2015-07-31,6989.0444
952,2015-07-31,5737.2334
953,2015-07-31,2174.009
954,2015-07-31,5383.8887
955,2015-07-31,4603.1826
956,2015-07-31,1896.0256
957,2015-07-31,3837.8962
958,2015-07-31,2635.1384
959,2015-07-31,3913.4631
960,2015-07-31,5932.952
961,2015-07-31,5211.5737
962,2015-07-31,4919.071
963,2015-07-31,3593.821
964,2015-07-31,7616.289
965,2015-07-31,5367.7646
966,2015-07-31,3466.8145
967,2015-07-31,4700.678
968,2015-07-31,4953.2656
969,2015-07-31,2950.2869
970,2015-07-31,1506.2478
971,2015-07-31,6767.168
972,2015-07-31,1584.4529
973,2015-07-31,4908.5884
974,2015-07-31,8863.277
975,2015-07-31,5160.564
976,2015-07-31,4206.957
977,2015-07-31,2408.0042
978,2015-07-31,4676.0703
979,2015-07-31,4339.9634
980,2015-07-31,4346.7764
981,2015-07-31,4910.037
982,2015-07-31,5141.375
983,2015-07-31,6926.044
984,2015-07-31,5329.5
985,2015-07-31,7779.6245
986,2015-07-31,3719.5251
987,2015-07-31,3599.4238
988,2015-07-31,3923.955
989,2015-07-31,3299.6636
990,2015-07-31,4722.034
991,2015-07-31,5648.225
992,2015-07-31,3392.6018
993,2015-07-31,4393.6235
994,2015-07-31,2551.4631
995,2015-07-31,6996.21
996,2015-07-31,3209.159
997,2015-07-31,3941.1335
998,2015-07-31,3801.4492
999,2015-07-31,4436.739
1000,2015-07-31,6118.8066
1001,2015-07-31,2961.7468
1002,2015-07-31,5687.732
1003,2015-07-31,3882.0872
1004,2015-07-31,4523.259
1005,2015-07-31,4923.599
1006,2015-07-31,5072.561
1007,2015-07-31,6457.3076
1008,2015-07-31,4098.8125
1009,2015-07-31,3346.965
1010,2015-07-31,9059.767
1011,2015-07-31,6211.2056
1012,2015-07-31,5812.337
1013,2015-07-31,2169.889
1014,2015-07-31,3861.625
1015,2015-07-31,4615.8057
1016,2015-07-31,3876.8513
1017,2015-07-31,4144.783
1018,2015-07-31,9590.538
1019,2015-07-31,6933.4287
1020,2015-07-31,8689.803
1021,2015-07-31,9145.586
1022,2015-07-31,5686.471
1023,2015-07-31,4541.197
1024,2015-07-31,5543.563
1025,2015-07-31,5617.9146
1026,2015-07-31,7182.0024
1027,2015-07-31,8148.338
1028,2015-07-31,2979.484
1029,2015-07-31,2164.6594
1030,2015-07-31,1699.0935
1031,2015-07-31,3581.174
1032,2015-07-31,3959.709
1033,2015-07-31,8374.984
1034,2015-07-31,2229.327
1035,2015-07-31,1891.3987
1036,2015-07-31,4885.4204
1037,2015-07-31,4955.3276
1038,2015-07-31,5512.021
1039,2015-07-31,7914.7783
1040,2015-07-31,6297.8584
1041,2015-07-31,5787.0693
1042,2015-07-31,2661.6091
1043,2015-07-31,6945.233
1044,2015-07-31,5367.484
1045,2015-07-31,7249.601
1046,2015-07-31,6537.337
1047,2015-07-31,3357.148
1048,2015-07-31,5239.236
1049,2015-07-31,2663.7747
1050,2015-07-31,5990.0557
1051,2015-07-31,4894.986
1052,2015-07-31,4988.4517
1053,2015-07-31,5391.849
1054,2015-07-31,3522.9143
1055,2015-07-31,5706.51
1056,2015-07-31,4381.6333
1057,2015-07-31,5706.198
1058,2015-07-31,4621.7505
1059,2015-07-31,7459.146
1060,2015-07-31,4825.494
1061,2015-07-31,7873.671
1062,2015-07-31,4590.012
1063,2015-07-31,3072.3489
1064,2015-07-31,7909.1577
1065,2015-07-31,2460.6638
1066,2015-07-31,8685.385
1067,2015-07-31,5359.2803
1068,2015-07-31,4430.175
1069,2015-07-31,2716.679
1070,2015-07-31,6062.9194
1071,2015-07-31,4112.3325
1072,2015-07-31,4127.711
1073,2015-07-31,6309.9263
1074,2015-07-31,3918.8582
1075,2015-07-31,11372.988
1076,2015-07-31,2944.1753
1077,2015-07-31,2897.517
1078,2015-07-31,4909.505
1079,2015-07-31,5642.533
1080,2015-07-31,10049.145
1081,2015-07-31,3314.2097
1082,2015-07-31,3852.5056
1083,2015-07-31,5436.8716
1084,2015-07-31,5249.118
1085,2015-07-31,4213.023
1086,2015-07-31,2819.1477
1087,2015-07-31,5718.4917
1088,2015-07-31,3020.1855
1089,2015-07-31,9716.602
1090,2015-07-31,2531.5989
1091,2015-07-31,6580.117
1092,2015-07-31,12480.928
1093,2015-07-31,6523.7007
1094,2015-07-31,5292.7344
1095,2015-07-31,2992.438
1096,2015-07-31,4525.4346
1097,2015-07-31,8194.2295
1098,2015-07-31,2614.5012
1099,2015-07-31,6629.5596
1100,2015-07-31,2781.76
1101,2015-07-31,7535.033
1102,2015-07-31,6047.6826
1103,2015-07-31,5238.799
1104,2015-07-31,5964.044
1105,2015-07-31,4372.026
1106,2015-07-31,2916.106
1107,2015-07-31,4390.9355
1108,2015-07-31,2239.2947
1109,2015-07-31,3321.2578
1110,2015-07-31,2568.9324
1111,2015-07-31,2727.5178
1112,2015-07-31,7316.191
1113,2015-07-31,5108.4966
1114,2015-07-31,20188.42
1115,2015-07-31,6187.6187
